<?xml version="1.0" encoding="UTF-8"?>
<rss version="2.0" xmlns:atom="http://www.w3.org/2005/Atom">
  <channel>
    <title>UserPanel documentation</title>
    <description>The official documentation for UserPanel PHP application.
</description>
    <link>/</link>
    <atom:link href="/feed.xml" rel="self" type="application/rss+xml"/>
    <pubDate>Sat, 24 Sep 2016 23:13:48 +0530</pubDate>
    <lastBuildDate>Sat, 24 Sep 2016 23:13:48 +0530</lastBuildDate>
    <generator>Jekyll v3.2.1</generator>
    
      <item>
        <title>Configuration</title>
        <description>&lt;div class=&quot;page-header&quot;&gt;
    &lt;h1&gt;Configuration&lt;/h1&gt;
&lt;/div&gt;

&lt;ul class=&quot;list-unstyled&quot;&gt;
    &lt;li&gt;
    &lt;a href=&quot;#configuration&quot;&gt;Configuration&lt;/a&gt;
    &lt;ul&gt;
        &lt;li&gt;&lt;a href=&quot;#base_url&quot;&gt;Base URL&lt;/a&gt;&lt;/li&gt;
        &lt;li&gt;&lt;a href=&quot;#htaccess_compatibility&quot;&gt;.HTACCESS compatibility&lt;/a&gt;&lt;/li&gt;
        &lt;li&gt;&lt;a href=&quot;#database_configuration&quot;&gt;Database configuration&lt;/a&gt;&lt;/li&gt;
    &lt;/ul&gt;
    &lt;/li&gt; 
&lt;/ul&gt;

&lt;hr&gt;

&lt;h2 id=&quot;configuration&quot;&gt;Configuration&lt;/h2&gt;

&lt;p&gt;In &lt;b&gt;UserPanel&lt;/b&gt; there are no much to &lt;b&gt;configure&lt;/b&gt;. only you have to &lt;b&gt;configure&lt;/b&gt; very few configuration options.&lt;/p&gt;

&lt;h3 id=&quot;base_url&quot;&gt;Base URL&lt;/h3&gt;

&lt;p&gt;To set &lt;b&gt;Base URL&lt;/b&gt; in &lt;b&gt;config.php&lt;/b&gt; file, follow step by step bellow instructions.&lt;/p&gt;

&lt;ol&gt;
	&lt;li&gt;Open &lt;code&gt;config.php&lt;/code&gt; under &lt;i&gt;application/config&lt;/i&gt; directory.&lt;/li&gt;
	&lt;li&gt;Find &lt;code&gt;$config['base_url'] = '';&lt;/code&gt; and set it with your base URL. e.i. if you are installed &lt;b&gt;UserPanel&lt;/b&gt; on &lt;code&gt;localhost&lt;/code&gt; then it should be &lt;code&gt;$config['base_url'] = 'http://localhost/userpanel/';&lt;/code&gt;, if you are installed &lt;b&gt;UserPanel&lt;/b&gt; on remote host with your own domain, then it will be like &lt;code&gt;$config['base_url'] = 'http://www.example.com/';&lt;/code&gt;&lt;/li&gt;
&lt;/ol&gt;

&lt;h4&gt;Localhost example&lt;/h4&gt;

&lt;a class=&quot;fancybox&quot; rel=&quot;group&quot; href=&quot;../assets/img/content/setup/localhost_base_url.png&quot;&gt;
&lt;img class=&quot;img-responsive&quot; src=&quot;../assets/img/content/setup/localhost_base_url.png&quot; alt=&quot;localhost base url&quot;&gt;
&lt;/a&gt;

&lt;h4&gt;Remotehost example&lt;/h4&gt;

&lt;a class=&quot;fancybox&quot; rel=&quot;group&quot; href=&quot;../assets/img/content/setup/remotehost_base_url.png&quot;&gt;
&lt;img class=&quot;img-responsive&quot; src=&quot;../assets/img/content/setup/remotehost_base_url.png&quot; alt=&quot;remotehost base url&quot;&gt;
&lt;/a&gt;

&lt;h3 id=&quot;htaccess_compatibility&quot;&gt;.HTACCESS compatibility&lt;/h3&gt;

&lt;p&gt;.HTACCESS support in your webhost is optional for &lt;b&gt;UserPanel&lt;/b&gt; thats mean &lt;b&gt;UserPanel&lt;/b&gt; can run with or without .HTACCESS support. but you have to configure that is &lt;b&gt;config.php&lt;/b&gt; file.&lt;/p&gt;

&lt;h4&gt;If .HTACCESS support in your webhost&lt;/h4&gt;

&lt;p&gt;If your webhost support for .HTACCESS, then you dont have to do any configurations in &lt;b&gt;config.php&lt;/b&gt; file.&lt;/p&gt;

&lt;h4&gt;If .HTACCESS not support in your webhost&lt;/h4&gt;

&lt;p&gt;If your webhost not support for .HTACCESS, then simply set &lt;code&gt;$config['index_page'] = '';&lt;/code&gt; configuration item like &lt;code&gt;$config['index_page'] = 'index.php';&lt;/code&gt; in &lt;b&gt;config.php&lt;/b&gt; file.&lt;/p&gt;

&lt;a class=&quot;fancybox&quot; rel=&quot;group&quot; href=&quot;../assets/img/content/setup/index_page.png&quot;&gt;
&lt;img class=&quot;img-responsive&quot; src=&quot;../assets/img/content/setup/index_page.png&quot; alt=&quot;index page&quot;&gt;
&lt;/a&gt;

&lt;h3 id=&quot;database_configuration&quot;&gt;Database configuration&lt;/h3&gt;

&lt;p&gt;After you create a &lt;b&gt;brand new database&lt;/b&gt; for &lt;b&gt;UserPanel&lt;/b&gt; app and import &lt;b&gt;userpanel.sql&lt;/b&gt; file. you have to do some configurations in &lt;code&gt;database.php&lt;/code&gt; file under &lt;i&gt;application/config&lt;/i&gt; directory.&lt;/p&gt;

&lt;a class=&quot;fancybox&quot; rel=&quot;group&quot; href=&quot;../assets/img/content/setup/database_config_file.png&quot;&gt;
&lt;img class=&quot;img-responsive&quot; src=&quot;../assets/img/content/setup/database_config_file.png&quot; alt=&quot;database config file&quot;&gt;
&lt;/a&gt;

&lt;p&gt;These are the &lt;b&gt;database&lt;/b&gt; configurations you have to do.&lt;/p&gt;

&lt;pre&gt;
	&lt;code&gt;
$active_group = 'default';
$query_builder = TRUE;

$db['default'] = array(
	'dsn'	=&gt; '',
	&lt;b class=&quot;text-danger&quot;&gt;'hostname' =&gt; 'localhost'&lt;/b&gt;,
	&lt;b class=&quot;text-danger&quot;&gt;'username' =&gt; 'root'&lt;/b&gt;,
	&lt;b class=&quot;text-danger&quot;&gt;'password' =&gt; ''&lt;/b&gt;,
	&lt;b class=&quot;text-danger&quot;&gt;'database' =&gt; 'userpanel'&lt;/b&gt;,
	'dbdriver' =&gt; 'mysqli',
	'dbprefix' =&gt; '',
	'pconnect' =&gt; FALSE,
	'db_debug' =&gt; (ENVIRONMENT !== 'production'),
	'cache_on' =&gt; FALSE,
	'cachedir' =&gt; '',
	'char_set' =&gt; 'utf8',
	'dbcollat' =&gt; 'utf8_general_ci',
	'swap_pre' =&gt; '',
	'encrypt' =&gt; FALSE,
	'compress' =&gt; FALSE,
	'stricton' =&gt; FALSE,
	'failover' =&gt; array(),
	'save_queries' =&gt; TRUE
);
	&lt;/code&gt;
&lt;/pre&gt;

&lt;p&gt;Dont freak out! you dont have to configure all those database configurations. only you have to configure is few of them. please check the bellow image.&lt;/p&gt;

&lt;a class=&quot;fancybox&quot; rel=&quot;group&quot; href=&quot;../assets/img/content/setup/db_configurations.png&quot;&gt;
&lt;img class=&quot;img-responsive&quot; src=&quot;../assets/img/content/setup/db_configurations.png&quot; alt=&quot;db configurations&quot;&gt;
&lt;/a&gt;</description>
        <pubDate>Fri, 23 Sep 2016 11:25:47 +0530</pubDate>
        <link>/setup/configuration.html</link>
        <guid isPermaLink="true">/setup/configuration.html</guid>
        
        
        <category>setup</category>
        
      </item>
    
      <item>
        <title>User statuses</title>
        <description>&lt;div class=&quot;page-header&quot;&gt;
    &lt;h1&gt;User statuses&lt;/h1&gt;
&lt;/div&gt;

&lt;ul class=&quot;list-unstyled&quot;&gt;
    &lt;li&gt;
    &lt;a href=&quot;#user_statuses&quot;&gt;User statuses&lt;/a&gt;
    &lt;/li&gt; 
&lt;/ul&gt;

&lt;hr&gt;

&lt;h2 id=&quot;user_statuses&quot;&gt;User statuses&lt;/h2&gt;

&lt;p&gt;&lt;b&gt;UserPanel&lt;/b&gt; support for four different type of &lt;b&gt;user statuses&lt;/b&gt;. which are Unconfirmed, Confirmed, Verified and Banned. When new user registered or added by a administrator, that user's user status set as unconfirmed. when that user confirmed his/her email address, his/her user status change to confirmed.&lt;/p&gt;

&lt;p&gt;Only administrators have privileges to change user statuses.&lt;/p&gt;

&lt;img class=&quot;img-responsive&quot; src=&quot;../assets/img/content/usage/user_statuses.png&quot; alt=&quot;user statuses&quot;&gt;</description>
        <pubDate>Fri, 23 Sep 2016 09:25:47 +0530</pubDate>
        <link>/usage/user-statuses.html</link>
        <guid isPermaLink="true">/usage/user-statuses.html</guid>
        
        
        <category>usage</category>
        
      </item>
    
      <item>
        <title>User settings</title>
        <description>&lt;div class=&quot;page-header&quot;&gt;
    &lt;h1&gt;User settings&lt;/h1&gt;
&lt;/div&gt;

&lt;ul class=&quot;list-unstyled&quot;&gt;
    &lt;li&gt;
    &lt;a href=&quot;#user_settings&quot;&gt;User settings&lt;/a&gt;
    &lt;ul&gt;
        &lt;li&gt;&lt;a href=&quot;#user_profile_settings&quot;&gt;User profile settings&lt;/a&gt;&lt;/li&gt;
        &lt;li&gt;&lt;a href=&quot;#user_account_settings&quot;&gt;User account settings&lt;/a&gt;&lt;/li&gt;
    &lt;/ul&gt;
    &lt;/li&gt; 
&lt;/ul&gt;

&lt;hr&gt;

&lt;h2 id=&quot;user_settings&quot;&gt;User settings&lt;/h2&gt;

&lt;p&gt;&lt;b&gt;UserPanel&lt;/b&gt; provides simple yet powerful interface for users to manage their user settings. it allows users to change their profile info and change user password.&lt;/p&gt;

&lt;h3 id=&quot;user_profile_settings&quot;&gt;User profile settings&lt;/h3&gt;

&lt;p&gt;&lt;b&gt;UserPanel&lt;/b&gt;'s user profile settings page can be used to update users profile page info.&lt;/p&gt;

&lt;a class=&quot;fancybox&quot; rel=&quot;group&quot; href=&quot;../assets/img/content/usage/user_profile_settings.png&quot;&gt;
&lt;img class=&quot;img-responsive&quot; src=&quot;../assets/img/content/usage/user_profile_settings.png&quot; alt=&quot;user profile settings view&quot;&gt;
&lt;/a&gt;

&lt;h3 id=&quot;user_account_settings&quot;&gt;User account settings&lt;/h3&gt;

&lt;p&gt;&lt;b&gt;UserPanel&lt;/b&gt;'s user account settings page can be used to change users user password.&lt;/p&gt;

&lt;a class=&quot;fancybox&quot; rel=&quot;group&quot; href=&quot;../assets/img/content/usage/user_account_settings.png&quot;&gt;
&lt;img class=&quot;img-responsive&quot; src=&quot;../assets/img/content/usage/user_account_settings.png&quot; alt=&quot;user account settings view&quot;&gt;
&lt;/a&gt;</description>
        <pubDate>Fri, 23 Sep 2016 09:25:47 +0530</pubDate>
        <link>/usage/user-settings.html</link>
        <guid isPermaLink="true">/usage/user-settings.html</guid>
        
        
        <category>usage</category>
        
      </item>
    
      <item>
        <title>User roles &amp; permissions</title>
        <description>&lt;div class=&quot;page-header&quot;&gt;
    &lt;h1&gt;User roles &amp; permissions&lt;/h1&gt;
&lt;/div&gt;

&lt;ul class=&quot;list-unstyled&quot;&gt;
    &lt;li&gt;
    &lt;a href=&quot;#user_roles_and_permissions&quot;&gt;User roles &amp; permissions&lt;/a&gt;
    &lt;/li&gt; 
&lt;/ul&gt;

&lt;hr&gt;

&lt;h2 id=&quot;user_roles_and_permissions&quot;&gt;User roles &amp; permissions&lt;/h2&gt;

&lt;p&gt;&lt;b&gt;UserPanel&lt;/b&gt; comes with two different type of &lt;b&gt;user roles&lt;/b&gt;. which are &lt;b&gt;administrator&lt;/b&gt; and &lt;b&gt;user&lt;/b&gt;. administrators have all the privileges to do pretty much anything on the &lt;b&gt;UserPanel&lt;/b&gt; platform. while normal users have privileges to edit, view their profiles and change their user password.&lt;/p&gt;</description>
        <pubDate>Fri, 23 Sep 2016 09:25:47 +0530</pubDate>
        <link>/usage/user-roles-and-permissions.html</link>
        <guid isPermaLink="true">/usage/user-roles-and-permissions.html</guid>
        
        
        <category>usage</category>
        
      </item>
    
      <item>
        <title>Session management</title>
        <description>&lt;div class=&quot;page-header&quot;&gt;
    &lt;h1&gt;Session management&lt;/h1&gt;
&lt;/div&gt;

&lt;ul class=&quot;list-unstyled&quot;&gt;
    &lt;li&gt;
    &lt;a href=&quot;#session_management&quot;&gt;Session management&lt;/a&gt;
    &lt;ul&gt;
        &lt;li&gt;&lt;a href=&quot;#view_sessions&quot;&gt;View sessions&lt;/a&gt;&lt;/li&gt;
        &lt;li&gt;&lt;a href=&quot;#active_sessions&quot;&gt;Active sessions&lt;/a&gt;&lt;/li&gt;
        &lt;li&gt;&lt;a href=&quot;#invalidate_sessions&quot;&gt;Invalidate sessions&lt;/a&gt;&lt;/li&gt;
    &lt;/ul&gt;
    &lt;/li&gt; 
&lt;/ul&gt;

&lt;hr&gt;

&lt;h2 id=&quot;session_management&quot;&gt;Session management&lt;/h2&gt;

&lt;p&gt;&lt;b&gt;UserPanel&lt;/b&gt; administrators can easily view all user sessions with lot of usefull information about user sessions. i.e: ip address, user agent, first active timestamp, last active timestamp, etc... also both administrators and users can view active sessions but normal users only can view their active and expired sessions only.&lt;/p&gt;

&lt;h3 id=&quot;view_sessions&quot;&gt;View sessions&lt;/h3&gt;

&lt;p&gt;Administrators can view all user session and active user sessions by clicking on &lt;b&gt;All user sessions&lt;/b&gt; menu item and &lt;b&gt;All active user sessions&lt;/b&gt; menu item under &lt;b&gt;Users&lt;/b&gt; menu on main navigation bar. normal users can view their expired and active sessions by simply clicking on their small profile thumbnail on top right corner of &lt;b&gt;UserPanel&lt;/b&gt;'s main navigation bar.&lt;/p&gt;

&lt;h4&gt;For administrators&lt;/h4&gt;

&lt;img class=&quot;img-responsive&quot; src=&quot;../assets/img/content/usage/session_view_access_for_admins.png&quot; alt=&quot;session view access for admins view&quot;&gt;

&lt;h4&gt;For users&lt;/h4&gt;

&lt;img class=&quot;img-responsive&quot; src=&quot;../assets/img/content/usage/session_view_access_for_users.png&quot; alt=&quot;session view access for users view&quot;&gt;

&lt;h3 id=&quot;active_sessions&quot;&gt;Active sessions&lt;/h3&gt;

&lt;p&gt;Administrators can see all current &lt;b&gt;active user sessions&lt;/b&gt;. both administrators and users can see their &lt;b&gt;active sessions&lt;/b&gt; as well.&lt;/p&gt;

&lt;p&gt;On &lt;b&gt;active sessions&lt;/b&gt; view, there is a &lt;b&gt;button&lt;/b&gt; called &lt;b&gt;invalidate session&lt;/b&gt; available to both administrators and users to invalidate &lt;b&gt;active sessions&lt;/b&gt;.&lt;/p&gt;

&lt;img class=&quot;img-responsive&quot; src=&quot;../assets/img/content/usage/active_user_sessions.png&quot; alt=&quot;active user sessions view&quot;&gt;

&lt;h3 id=&quot;invalidate_sessions&quot;&gt;Invalidate sessions&lt;/h3&gt;

&lt;p&gt;Administrators can invalidate any user session. while normal users can can only invalidate their &lt;b&gt;active sessions&lt;/b&gt; only.&lt;/p&gt;

&lt;img class=&quot;img-responsive&quot; src=&quot;../assets/img/content/usage/invalidate_sessions.png&quot; alt=&quot;invalidate sessions view&quot;&gt;</description>
        <pubDate>Fri, 23 Sep 2016 09:25:47 +0530</pubDate>
        <link>/usage/session-management.html</link>
        <guid isPermaLink="true">/usage/session-management.html</guid>
        
        
        <category>usage</category>
        
      </item>
    
      <item>
        <title>Installtion</title>
        <description>&lt;div class=&quot;page-header&quot;&gt;
    &lt;h1&gt;User settings&lt;/h1&gt;
&lt;/div&gt;

&lt;ul class=&quot;list-unstyled&quot;&gt;
    &lt;li&gt;
    &lt;a href=&quot;#installtion&quot;&gt;Installtion&lt;/a&gt;
    &lt;ul&gt;
        &lt;li&gt;&lt;a href=&quot;#user_profile_settings&quot;&gt;User profile settings&lt;/a&gt;&lt;/li&gt;
        &lt;li&gt;&lt;a href=&quot;#user_account_settings&quot;&gt;User account settings&lt;/a&gt;&lt;/li&gt;
    &lt;/ul&gt;
    &lt;/li&gt; 
&lt;/ul&gt;

&lt;hr&gt;

&lt;h2 id=&quot;user_settings&quot;&gt;Installtion&lt;/h2&gt;

&lt;p&gt;&lt;b&gt;UserPanel&lt;/b&gt; provides simple yet powerful interface for users to manage their user settings. it allows users to change their profile info and change user password.&lt;/p&gt;

&lt;h3 id=&quot;user_profile_settings&quot;&gt;User profile settings&lt;/h3&gt;

&lt;p&gt;&lt;b&gt;UserPanel&lt;/b&gt;'s user profile settings page can be used to update users profile page info.&lt;/p&gt;

&lt;img class=&quot;img-responsive&quot; src=&quot;../assets/img/content/usage/user_profile_settings.png&quot; alt=&quot;user profile settings view&quot;&gt;</description>
        <pubDate>Fri, 23 Sep 2016 09:25:47 +0530</pubDate>
        <link>/setup/installation.html</link>
        <guid isPermaLink="true">/setup/installation.html</guid>
        
        
        <category>setup</category>
        
      </item>
    
      <item>
        <title>User management</title>
        <description>&lt;div class=&quot;page-header&quot;&gt;
    &lt;h1&gt;User management&lt;/h1&gt;
&lt;/div&gt;

&lt;ul class=&quot;list-unstyled&quot;&gt;
    &lt;li&gt;
    &lt;a href=&quot;#user_management&quot;&gt;User management&lt;/a&gt;
    &lt;ul&gt;
        &lt;li&gt;&lt;a href=&quot;#user_list&quot;&gt;User list&lt;/a&gt;&lt;/li&gt;
        &lt;li&gt;&lt;a href=&quot;#user_actions&quot;&gt;User actions&lt;/a&gt;&lt;/li&gt;
        &lt;li&gt;&lt;a href=&quot;#search_users&quot;&gt;Search users&lt;/a&gt;&lt;/li&gt;
        &lt;li&gt;&lt;a href=&quot;#filter_users&quot;&gt;Filter users&lt;/a&gt;&lt;/li&gt;
        &lt;li&gt;&lt;a href=&quot;#sort_users&quot;&gt;Sort users&lt;/a&gt;&lt;/li&gt;
        &lt;li&gt;&lt;a href=&quot;#add_new_user&quot;&gt;Add new user&lt;/a&gt;&lt;/li&gt;
    &lt;/ul&gt;
    &lt;/li&gt; 
&lt;/ul&gt;

&lt;hr&gt;

&lt;h2 id=&quot;user_management&quot;&gt;User management&lt;/h2&gt;

&lt;p&gt;&lt;b&gt;UserPanel&lt;/b&gt; administrators can easily search, filter, sort, add, edit and delete users through User management view. it also support for pagination.&lt;/p&gt;

&lt;h3 id=&quot;user_list&quot;&gt;User list&lt;/h3&gt;

&lt;p&gt;&lt;b&gt;UserPanel&lt;/b&gt;'s &lt;b&gt;Users list&lt;/b&gt; shows list of all registered users.&lt;/p&gt;

&lt;a class=&quot;fancybox&quot; rel=&quot;group&quot; href=&quot;../assets/img/content/usage/users_list.png&quot;&gt;
&lt;img class=&quot;img-responsive&quot; src=&quot;../assets/img/content/usage/users_list.png&quot; alt=&quot;users list view&quot;&gt;
&lt;/a&gt;

&lt;h3 id=&quot;user_actions&quot;&gt;User actions&lt;/h3&gt;

&lt;p&gt;Each user row has a &lt;b&gt;User actions&lt;/b&gt; section. so administrators can view user profile, view user sessions, edit user and delete user.&lt;/p&gt;

&lt;img class=&quot;img-responsive&quot; src=&quot;../assets/img/content/usage/user_actions.png&quot; alt=&quot;user action view&quot;&gt;

&lt;h3 id=&quot;search_users&quot;&gt;Search users&lt;/h3&gt;

&lt;p&gt;&lt;b&gt;UserPanel&lt;/b&gt; administrators can search all the registered user by almost all user attributes. like name, address, date, time, user status, etc...&lt;b&gt;UserPanel&lt;/b&gt;'s search feature is very flexible. so you dont have to type exact term and letter case. &lt;b&gt;UserPanel&lt;/b&gt;'s search feature smart enough to identify what you are trying to search. you will hardly miss what you are searching for.&lt;/p&gt;

&lt;p&gt;&lt;b&gt;UserPanel&lt;/b&gt;'s also offer cool &lt;b&gt;highlighted&lt;/b&gt; search results. and that feature handle by &lt;b&gt;serverside&lt;/b&gt;. that's mean it's not depends on &lt;b&gt;JavaScript&lt;/b&gt;.&lt;/p&gt;

&lt;a class=&quot;fancybox&quot; rel=&quot;group&quot; href=&quot;../assets/img/content/usage/search_users.png&quot;&gt;
&lt;img class=&quot;img-responsive&quot; src=&quot;../assets/img/content/usage/search_users.png&quot; alt=&quot;search users view&quot;&gt;
&lt;/a&gt;

&lt;h3 id=&quot;filter_users&quot;&gt;Filter users&lt;/h3&gt;

&lt;p&gt;Users can filter by their &lt;b&gt;user status&lt;/b&gt;.&lt;/p&gt;

&lt;img class=&quot;img-responsive&quot; src=&quot;../assets/img/content/usage/filter_users.png&quot; alt=&quot;filter users view&quot;&gt;

&lt;h3 id=&quot;sort_users&quot;&gt;Sort users&lt;/h3&gt;

&lt;p&gt;Users can sort under any user attributes by ascending order or descending order. also &lt;b&gt;UserPanel&lt;/b&gt; offer some cool &lt;b&gt;color&lt;/b&gt; effects to easily indentify what is the current sorting field and sorting order.&lt;/p&gt;

&lt;img class=&quot;img-responsive&quot; src=&quot;../assets/img/content/usage/sort_users.gif&quot; alt=&quot;sort users view&quot;&gt;

&lt;h3 id=&quot;add_new_user&quot;&gt;Add new user&lt;/h3&gt;

&lt;p&gt;&lt;b&gt;UserPanel&lt;/b&gt; administrators can manually add new users through user management view by click on &lt;b&gt;Add new user&lt;/b&gt; button.&lt;/p&gt;

&lt;img class=&quot;img-responsive&quot; src=&quot;../assets/img/content/usage/add_new_user_button.png&quot; alt=&quot;add new user view&quot;&gt;</description>
        <pubDate>Fri, 23 Sep 2016 08:45:28 +0530</pubDate>
        <link>/usage/user-management.html</link>
        <guid isPermaLink="true">/usage/user-management.html</guid>
        
        
        <category>usage</category>
        
      </item>
    
      <item>
        <title>App settings</title>
        <description>&lt;div class=&quot;page-header&quot;&gt;
    &lt;h1&gt;App settings&lt;/h1&gt;
&lt;/div&gt;

&lt;ul class=&quot;list-unstyled&quot;&gt;
    &lt;li&gt;
    &lt;a href=&quot;#app_settings&quot;&gt;App settings&lt;/a&gt;
    &lt;ul&gt;
        &lt;li&gt;&lt;a href=&quot;#general_app_settings&quot;&gt;General app settings&lt;/a&gt;&lt;/li&gt;
        &lt;li&gt;&lt;a href=&quot;#user_app_settings&quot;&gt;User app settings&lt;/a&gt;&lt;/li&gt;
    &lt;/ul&gt;
    &lt;/li&gt; 
&lt;/ul&gt;

&lt;hr&gt;

&lt;h2 id=&quot;app_settings&quot;&gt;App settings&lt;/h2&gt;

&lt;p&gt;&lt;b&gt;UserPanel&lt;/b&gt; provides simple yet powerful interface for manage global &lt;b&gt;UserPanel&lt;/b&gt; app settings. it allows administrators to easily enable/disable or change &lt;b&gt;UserPanel&lt;/b&gt; global settings.&lt;/p&gt;

&lt;h3 id=&quot;general_app_settings&quot;&gt;General app settings&lt;/h3&gt;

&lt;p&gt;&lt;b&gt;UserPanel&lt;/b&gt;'s general app settings page can be used to update &lt;b&gt;UserPanel&lt;/b&gt; application name and email sending email address.&lt;/p&gt;

&lt;a class=&quot;fancybox&quot; rel=&quot;group&quot; href=&quot;../assets/img/content/usage/general_app_settings.png&quot;&gt;
&lt;img class=&quot;img-responsive&quot; src=&quot;../assets/img/content/usage/general_app_settings.png&quot; alt=&quot;general app settings view&quot;&gt;
&lt;/a&gt;

&lt;h3 id=&quot;user_app_settings&quot;&gt;User app settings&lt;/h3&gt;

&lt;p&gt;&lt;b&gt;UserPanel&lt;/b&gt;'s user app settings page can be used to enable/disable system features or change system variables on &lt;b&gt;UserPanel&lt;/b&gt; application.&lt;/p&gt;

&lt;a class=&quot;fancybox&quot; rel=&quot;group&quot; href=&quot;../assets/img/content/usage/user_app_settings.png&quot;&gt;
&lt;img class=&quot;img-responsive&quot; src=&quot;../assets/img/content/usage/user_app_settings.png&quot; alt=&quot;user app settings view&quot;&gt;
&lt;/a&gt;</description>
        <pubDate>Fri, 23 Sep 2016 08:45:28 +0530</pubDate>
        <link>/usage/app-settings.html</link>
        <guid isPermaLink="true">/usage/app-settings.html</guid>
        
        
        <category>usage</category>
        
      </item>
    
      <item>
        <title>User profiles</title>
        <description>&lt;div class=&quot;page-header&quot;&gt;
    &lt;h1&gt;User profiles&lt;/h1&gt;
&lt;/div&gt;

&lt;ul class=&quot;list-unstyled&quot;&gt;
    &lt;li&gt;
    &lt;a href=&quot;#user_profiles&quot;&gt;User profiles&lt;/a&gt;
    &lt;ul&gt;
        &lt;li&gt;&lt;a href=&quot;#user_info&quot;&gt;User info&lt;/a&gt;&lt;/li&gt;
        &lt;li&gt;&lt;a href=&quot;#profile_picture&quot;&gt;Profile picture&lt;/a&gt;&lt;/li&gt;
    &lt;/ul&gt;
    &lt;/li&gt; 
&lt;/ul&gt;

&lt;hr&gt;

&lt;h2 id=&quot;user_profiles&quot;&gt;User profiles&lt;/h2&gt;

&lt;p&gt;Both &lt;b&gt;UserPanel&lt;/b&gt; administrators and users have access to their own &lt;b&gt;user profile&lt;/b&gt;. it can be easily access by click on small user thumbnail at the top right corner of &lt;b&gt;UserPanel&lt;/b&gt;.&lt;/p&gt;

&lt;a class=&quot;fancybox&quot; rel=&quot;group&quot; href=&quot;../assets/img/content/usage/access_user_profile.png&quot;&gt;
&lt;img class=&quot;img-responsive&quot; src=&quot;../assets/img/content/usage/access_user_profile.png&quot; alt=&quot;access user profile view&quot;&gt;
&lt;/a&gt;

&lt;h3 id=&quot;user_info&quot;&gt;User info&lt;/h3&gt;

&lt;p&gt;Each and every user's user profile has some basic info about the user.&lt;/p&gt;

&lt;a class=&quot;fancybox&quot; rel=&quot;group&quot; href=&quot;../assets/img/content/usage/user_info_on_user_profile.png&quot;&gt;
&lt;img class=&quot;img-responsive&quot; src=&quot;../assets/img/content/usage/user_info_on_user_profile.png&quot; alt=&quot;user info on user profile view&quot;&gt;
&lt;/a&gt;

&lt;h3 id=&quot;profile_picture&quot;&gt;Profile picture&lt;/h3&gt;

&lt;p&gt;&lt;b&gt;UserPanel&lt;/b&gt; comes with built-in &lt;b&gt;Gravatar&lt;/b&gt; support. so users can easily change their &lt;b&gt;Avatar&lt;/b&gt; on &lt;a href=&quot;https://en.gravatar.com/&quot; target=&quot;_blank&quot; rel=&quot;nofollow&quot;&gt;Gravatar&lt;/a&gt;.&lt;/p&gt;

&lt;a class=&quot;fancybox&quot; rel=&quot;group&quot; href=&quot;../assets/img/content/usage/profile_picture_in_user_profile.png&quot;&gt;
&lt;img class=&quot;img-responsive&quot; src=&quot;../assets/img/content/usage/profile_picture_in_user_profile.png&quot; alt=&quot;profile picture in user profile view&quot;&gt;
&lt;/a&gt;</description>
        <pubDate>Thu, 22 Sep 2016 09:23:46 +0530</pubDate>
        <link>/usage/user-profiles.html</link>
        <guid isPermaLink="true">/usage/user-profiles.html</guid>
        
        
        <category>usage</category>
        
      </item>
    
      <item>
        <title>Dashboard</title>
        <description>&lt;div class=&quot;page-header&quot;&gt;
    &lt;h1&gt;Dashboard&lt;/h1&gt;
&lt;/div&gt;

&lt;ul class=&quot;list-unstyled&quot;&gt;
    &lt;li&gt;
    &lt;a href=&quot;#dashboard&quot;&gt;Dashboard&lt;/a&gt;
    &lt;ul&gt;
        &lt;li&gt;&lt;a href=&quot;#administrator_dashboard&quot;&gt;Administrator dashboard&lt;/a&gt;&lt;/li&gt;
    &lt;/ul&gt;
    &lt;/li&gt; 
&lt;/ul&gt;

&lt;hr&gt;

&lt;h2 id=&quot;dashboard&quot;&gt;Dashboard&lt;/h2&gt;

&lt;h3 id=&quot;administrator_dashboard&quot;&gt;Administrator dashboard&lt;/h3&gt;

&lt;p&gt;&lt;b&gt;UserPanel&lt;/b&gt; administrators are able to view some cool stats on &lt;b&gt;UserPanel&lt;/b&gt; dashboard. They can see how many new users are registered on today, yesterday, last 7 days, last 28 days, total registered user count, online user count and monthly basis new user registration chart.&lt;/p&gt;

&lt;a class=&quot;fancybox&quot; rel=&quot;group&quot; href=&quot;../assets/img/content/usage/userpanel_administrator_dahsboard.png&quot;&gt;
&lt;img class=&quot;img-responsive&quot; src=&quot;../assets/img/content/usage/userpanel_administrator_dahsboard.png&quot; alt=&quot;userpanel administrator dahsboard view&quot;&gt;
&lt;/a&gt;

&lt;p&gt;Also &lt;b&gt;UserPanel&lt;/b&gt; administrators can see how many registered users are in different &lt;b&gt;user statuses&lt;/b&gt;. not just only user counts in different user statuses, also giving easy access to those user status groups.&lt;/p&gt;

&lt;img class=&quot;img-responsive&quot; src=&quot;../assets/img/content/usage/user_status_with_counts_in_admin_dashboard.png&quot; alt=&quot;user status with counts in admin dashboard view&quot;&gt;

&lt;p&gt;Also &lt;b&gt;UserPanel&lt;/b&gt; administrators can see recently registered users with some basic info. administrators can view those user's &lt;b&gt;profiles&lt;/b&gt; by clicking on them.&lt;/p&gt;

&lt;img class=&quot;img-responsive&quot; src=&quot;../assets/img/content/usage/recent_user_registrations.png&quot; alt=&quot;recent user registrations view&quot;&gt;</description>
        <pubDate>Thu, 22 Sep 2016 08:22:46 +0530</pubDate>
        <link>/usage/dashboard.html</link>
        <guid isPermaLink="true">/usage/dashboard.html</guid>
        
        
        <category>usage</category>
        
      </item>
    
  </channel>
</rss>
